timestamp,temperature,total_free_bikes
2025-11-13T11:00:02,13.6,527
2025-11-13T12:00:03,14.1,525
2025-11-13T14:00:01,14.1,536
2025-11-13T15:00:02,14.7,535
2025-11-13T17:00:01,14.7,550
2025-11-14T13:00:01,13.9,540
2025-11-14T14:15:01,13.9,546
2025-11-14T14:30:01,13.9,544
2025-11-14T14:45:01,14.0,539
2025-11-14T15:00:01,14.1,540
2025-11-14T15:15:08,14.1,538
2025-11-14T15:30:02,14.4,541
2025-11-14T15:45:01,14.4,540
2025-11-14T16:00:01,14.4,540
2025-11-14T16:15:01,14.4,545
2025-11-14T16:30:02,14.6,552
2025-11-14T16:45:01,14.7,551
2025-11-14T17:00:01,14.7,553
2025-11-14T17:15:02,14.5,557
2025-11-14T17:30:03,14.6,551
2025-11-14T17:45:02,14.6,546
2025-11-14T18:00:02,14.6,548
2025-11-14T18:15:02,15.0,550
2025-11-14T18:30:02,14.8,541
2025-11-14T18:45:02,14.6,540
2025-11-14T19:00:02,14.4,535
2025-11-14T19:15:03,14.4,535
2025-11-14T19:30:02,14.9,542
2025-11-14T19:45:02,14.9,546
2025-11-14T20:00:03,14.9,542
2025-11-14T20:15:03,15.0,542
2025-11-14T20:30:03,14.6,542
2025-11-14T20:45:02,14.5,543
2025-11-14T21:00:02,14.4,544
2025-11-14T21:15:01,14.4,540
2025-11-14T21:30:01,14.8,545
2025-11-14T21:45:01,14.9,543
2025-11-14T22:00:01,14.9,548
2025-11-14T22:15:01,14.9,547
2025-11-14T22:30:01,14.8,547
2025-11-14T22:45:01,14.9,544
2025-11-14T23:00:01,14.9,551
2025-11-14T23:15:01,14.9,544
2025-11-14T23:30:01,15.0,550
2025-11-14T23:45:01,14.9,554
2025-11-15T00:30:01,14.6,551
2025-11-15T00:45:01,14.4,556
2025-11-15T01:00:01,14.4,560
2025-11-15T01:15:01,14.8,557
2025-11-15T01:30:01,14.8,556
2025-11-15T10:30:01,14.0,555
2025-11-15T10:45:01,14.1,554
2025-11-15T11:00:01,14.1,554
2025-11-15T11:15:01,14.3,550
2025-11-15T11:30:01,14.2,553
2025-11-15T11:45:01,14.3,548
2025-11-15T12:00:01,14.4,536
2025-11-15T12:15:01,14.4,539
2025-11-15T12:30:01,15.6,543
2025-11-15T12:45:01,15.7,540
2025-11-15T13:00:01,15.7,541
2025-11-15T13:15:01,15.8,534
2025-11-15T13:30:01,15.8,523
2025-11-15T13:45:01,15.4,532
2025-11-15T14:00:01,15.4,528
2025-11-15T14:15:01,14.6,533
2025-11-15T14:30:01,14.6,528
2025-11-15T14:45:02,14.7,522
2025-11-15T15:00:01,14.7,528
2025-11-15T15:15:01,14.7,529
2025-11-15T15:30:01,14.9,532
2025-11-15T15:45:01,14.6,529
2025-11-15T16:00:01,14.4,523
2025-11-15T16:15:01,13.7,533
2025-11-15T16:30:01,13.7,526
2025-11-15T16:45:01,13.8,524
2025-11-15T17:00:01,13.8,523
2025-11-15T17:15:02,14.4,525
2025-11-15T17:30:01,14.4,525
2025-11-15T17:45:01,14.2,537
2025-11-15T18:00:01,14.2,529
2025-11-15T18:15:01,14.1,532
2025-11-15T18:30:01,13.5,528
2025-11-15T18:45:01,13.4,527
2025-11-15T19:00:01,13.2,532
2025-11-15T19:15:01,13.2,535
2025-11-15T19:30:02,13.0,537
2025-11-15T19:45:02,12.9,535
2025-11-15T20:00:02,12.8,536
2025-11-15T20:15:02,13.9,536
2025-11-15T20:30:01,13.6,537
2025-11-15T20:45:01,13.4,534
2025-11-15T21:00:01,13.2,535
2025-11-15T21:15:01,13.1,533
2025-11-15T21:30:01,12.6,537
2025-11-15T21:45:01,12.6,538
2025-11-15T22:00:01,12.4,537
2025-11-15T22:15:01,12.4,537
2025-11-15T22:30:01,11.9,539
2025-11-15T22:45:01,11.9,539
2025-11-15T23:00:01,11.9,541
2025-11-15T23:15:01,12.6,540
2025-11-16T11:15:03,8.9,549
2025-11-16T11:30:02,8.9,539
2025-11-16T11:45:03,8.9,539
2025-11-16T12:00:04,8.8,541
2025-11-16T12:15:04,9.0,540
2025-11-16T12:30:04,8.9,543
2025-11-16T12:45:05,8.9,537
2025-11-16T13:00:03,8.9,537
2025-11-16T13:15:05,8.9,536
2025-11-16T13:30:05,9.9,535
2025-11-16T13:45:04,10.0,540
2025-11-16T14:00:04,10.1,539
2025-11-16T14:15:04,9.1,538
2025-11-16T14:30:04,9.1,541
2025-11-16T14:45:03,9.1,538
2025-11-16T15:00:04,9.1,545
2025-11-16T15:15:03,9.1,543
2025-11-16T15:30:05,9.1,541
2025-11-16T15:45:02,9.1,543
2025-11-16T16:00:04,9.0,545
2025-11-16T16:15:04,9.1,545
2025-11-16T16:30:03,9.4,546
2025-11-16T16:45:05,9.2,542
2025-11-16T17:00:05,9.1,542
2025-11-16T17:15:05,9.1,547
2025-11-16T17:30:03,8.8,545
2025-11-16T17:45:04,8.7,549
2025-11-16T18:00:03,8.6,548
2025-11-16T18:15:05,8.6,546
2025-11-16T18:30:04,8.5,550
2025-11-16T18:45:05,8.4,549
2025-11-16T19:00:04,8.2,549
2025-11-16T19:15:04,8.1,551
2025-11-16T19:30:05,8.4,549
2025-11-16T19:45:04,8.2,548
2025-11-16T20:00:03,8.1,548
2025-11-16T20:15:04,7.2,548
2025-11-16T20:30:04,7.0,548
2025-11-16T20:45:04,6.8,555
2025-11-16T21:00:04,6.7,552
2025-11-16T21:15:03,7.1,550
2025-11-16T21:30:02,6.9,546
2025-11-16T21:45:01,6.8,545
2025-11-16T22:00:01,6.6,544
2025-11-16T22:15:01,6.5,547
2025-11-16T22:30:01,6.6,551
2025-11-16T22:45:01,6.6,554
2025-11-16T23:00:01,6.5,552
2025-11-16T23:45:01,6.4,555
2025-11-17T00:00:01,6.6,556
2025-11-17T00:15:01,6.6,556
2025-11-17T08:30:03,8.0,527
2025-11-17T08:45:03,8.1,523
2025-11-17T09:00:03,7.8,516
2025-11-17T09:15:02,8.1,516
2025-11-17T09:30:02,8.3,517
2025-11-17T09:45:01,8.6,515
2025-11-17T10:00:01,8.6,512
2025-11-17T10:15:01,7.3,516
2025-11-17T11:15:01,7.6,521
2025-11-17T11:30:01,7.2,517
2025-11-17T11:45:00,6.8,517
2025-11-17T17:30:01,6.8,500
2025-11-17T17:45:01,6.7,516
2025-11-17T18:00:01,6.6,513
2025-11-17T18:15:01,6.2,512
2025-11-17T18:30:01,6.0,512
2025-11-17T18:45:01,5.5,512
2025-11-17T19:00:01,5.2,517
2025-11-17T19:15:01,4.9,517
2025-11-17T19:30:01,4.7,513
2025-11-17T19:45:01,4.6,526
2025-11-17T20:15:01,3.5,528
2025-11-17T20:30:01,3.4,532
2025-11-17T20:45:01,3.3,531
2025-11-17T21:00:01,3.2,531
2025-11-17T21:15:01,3.8,528
2025-11-17T21:30:01,3.7,537
2025-11-17T21:45:01,3.5,535
2025-11-17T22:00:01,3.4,541
2025-11-17T22:15:01,3.3,541
2025-11-17T22:30:01,3.2,541
2025-11-17T22:45:01,2.8,540
2025-11-17T23:00:01,2.7,546
2025-11-17T23:15:01,2.8,545
2025-11-18T10:45:01,6.0,513
2025-11-18T12:00:01,6.7,506
2025-11-18T12:15:01,6.7,508
2025-11-18T12:30:01,6.8,504
2025-11-18T13:45:01,6.7,501
2025-11-18T14:00:02,6.6,507
2025-11-18T14:15:01,6.3,504
